<?xml version="1.0" encoding="UTF-8"?>
<flow xmlns="http://www.springframework.org/schema/webflow"
	xmlns:xsi="http://www.w3.org/2001/XMLSchema-instance"
	xsi:schemaLocation="http://www.springframework.org/schema/webflow
                          http://www.springframework.org/schema/webflow/spring-webflow-2.0.xsd">

	<!-- Executed when webFlow is triggered -->
	<on-start>
		<evaluate expression="registrationHandler.initFlow()" result="flowScope.creditCardDetails" />
	</on-start>
	<view-state id="start" view="confirmBooking" model="flowScope.creditCardDetails">
		<transition on="submit" to="creditCardInfo" />
	</view-state>
	
	<view-state id="creditCardInfo" view="creditCardInfo" model="flowScope.creditCardDetails">
		<transition on="submit" to="validate" />
	</view-state>

	<action-state id="validate">
		<evaluate expression="registrationHandler.validateDetails(creditCardDetails,messageContext)"></evaluate>
		<transition on="success" to="confirmDetail" />
		<transition on="failure" to="start" />
	</action-state>

	<view-state id="confirmDetail" view="confirmDetail" model="flowScope.creditCardDetails">
		<transition on="edit" to="start" />
		<transition on="submit" to="welcome" />
	</view-state>

	<end-state id="welcome" view="thankCustomer" />

	<end-state id="toHome" view="externalRedirect:contextRelative:index.jsp" />

	<end-state id="toException"
		view="externalRedirect:contextRelative:exception.jsp" />

	<!-- these events are available in every state -->
	<global-transitions>
		<transition on="home" to="toHome" />
		<transition on="error" to="toException" />
	</global-transitions>
</flow>

